-- his file allow to e SQL commands that will be emitted in test and dev.
-- The commands are coted as their support dependf the database
 insert into usuario (email, nome, ativo, id, login, senha) values('kaiomacedo@unitins.br','kaio', true, 101, 'kaio','cBz32i3RfBAIaqKNkTfdDZLrqih7z94jKllRAMiOW+U+b3GTkGAVUJhWsP6LK8KfVkkei6cekKUJpS2bU7VqvQ==');
 insert into usuario (email, nome, ativo, id, login, senha) values('joao@gmail.com','joao',true, 107, 'joao','cBz32i3RfBAIaqKNkTfdDZLrqih7z94jKllRAMiOW+U+b3GTkGAVUJhWsP6LK8KfVkkei6cekKUJpS2bU7VqvQ==');
 insert into usuario (email, nome, ativo, id, login, senha) values('antonio@gmail.com','antonio',true, 102, 'antonio','cBz32i3RfBAIaqKNkTfdDZLrqih7z94jKllRAMiOW+U+b3GTkGAVUJhWsP6LK8KfVkkei6cekKUJpS2bU7VqvQ==');
 insert into usuario (email, nome, ativo, id, login, senha) values('lucas@gmail.com','lucas',true, 103, 'lucas', 'cBz32i3RfBAIaqKNkTfdDZLrqih7z94jKllRAMiOW+U+b3GTkGAVUJhWsP6LK8KfVkkei6cekKUJpS2bU7VqvQ==');
 insert into usuario (nome, ativo, id, login, senha) values('kuba event',true, 104,'kuba event', 'cBz32i3RfBAIaqKNkTfdDZLrqih7z94jKllRAMiOW+U+b3GTkGAVUJhWsP6LK8KfVkkei6cekKUJpS2bU7VqvQ==');
 insert into usuario (nome, ativo, id, login, senha) values('imports',true, 105, 'imports imports', 'cBz32i3RfBAIaqKNkTfdDZLrqih7z94jKllRAMiOW+U+b3GTkGAVUJhWsP6LK8KfVkkei6cekKUJpS2bU7VqvQ==');
 insert into usuario (nome, ativo, id, login, senha) values('al',true, 106, 'al', 'cBz32i3RfBAIaqKNkTfdDZLrqih7z94jKllRAMiOW+U+b3GTkGAVUJhWsP6LK8KfVkkei6cekKUJpS2bU7VqvQ==');
 insert into usuario (nome, ativo, id, login, senha) values('AEDAO',true, 108, 'AEDAO', 'cBz32i3RfBAIaqKNkTfdDZLrqih7z94jKllRAMiOW+U+b3GTkGAVUJhWsP6LK8KfVkkei6cekKUJpS2bU7VqvQ==');
 insert into usuario (nome, ativo, id, login, senha) values('joana',true, 109, 'joana', 'cBz32i3RfBAIaqKNkTfdDZLrqih7z94jKllRAMiOW+U+b3GTkGAVUJhWsP6LK8KfVkkei6cekKUJpS2bU7VqvQ==');
 insert into usuario (nome, ativo, id, login, senha) values('kamila',true, 110, 'kamila', 'cBz32i3RfBAIaqKNkTfdDZLrqih7z94jKllRAMiOW+U+b3GTkGAVUJhWsP6LK8KfVkkei6cekKUJpS2bU7VqvQ==');
 insert into usuario (nome, ativo, id, login, senha) values('amanda',true, 111, 'amanda', 'cBz32i3RfBAIaqKNkTfdDZLrqih7z94jKllRAMiOW+U+b3GTkGAVUJhWsP6LK8KfVkkei6cekKUJpS2bU7VqvQ==');
 insert into usuario (nome, ativo, id, login, senha) values('isabela',true, 112, 'isabela', 'cBz32i3RfBAIaqKNkTfdDZLrqih7z94jKllRAMiOW+U+b3GTkGAVUJhWsP6LK8KfVkkei6cekKUJpS2bU7VqvQ==');
 insert into usuario (nome, ativo, id, login, senha) values('gabriel',true, 113, 'gabriel', 'cBz32i3RfBAIaqKNkTfdDZLrqih7z94jKllRAMiOW+U+b3GTkGAVUJhWsP6LK8KfVkkei6cekKUJpS2bU7VqvQ==');
 insert into usuario (nome, ativo, id, login, senha) values('otavio',true, 114, 'otavio', 'cBz32i3RfBAIaqKNkTfdDZLrqih7z94jKllRAMiOW+U+b3GTkGAVUJhWsP6LK8KfVkkei6cekKUJpS2bU7VqvQ==');
 insert into usuario (nome, ativo, id, login, senha) values('rubens',true, 115, 'rubens', 'cBz32i3RfBAIaqKNkTfdDZLrqih7z94jKllRAMiOW+U+b3GTkGAVUJhWsP6LK8KfVkkei6cekKUJpS2bU7VqvQ==');
 insert into usuario (nome, ativo, id, login, senha) values('ordete',true, 116, 'ordete','cBz32i3RfBAIaqKNkTfdDZLrqih7z94jKllRAMiOW+U+b3GTkGAVUJhWsP6LK8KfVkkei6cekKUJpS2bU7VqvQ==');
 insert into usuario (email, nome, ativo, id,  login, senha) values('teste@gmail.com','teste',true, 100, 'teste', 'cBz32i3RfBAIaqKNkTfdDZLrqih7z94jKllRAMiOW+U+b3GTkGAVUJhWsP6LK8KfVkkei6cekKUJpS2bU7VqvQ==');
 insert into pessoafisica (id, cpf, sobrenome, data_nascimento) values(101, '05562849259', 'hilowisck', '27/11/2002');
 insert into pessoafisica (id, cpf, sobrenome, data_nascimento) values(107, '98765432101', 'hilowisck', '04/12/2002');
 insert into pessoafisica (id, cpf, sobrenome, data_nascimento) values(102, '23456789023', 'hilowisck', '27/07/2002');
 insert into pessoafisica (id, cpf, sobrenome, data_nascimento) values(103, '34567890134', 'hilowisck', '08/12/1978');

 insert into fornecedor (ativo, id, nome, cnpj) VALUES (true, 1, 'Fornecedor 1', '0001100/000');

 insert into marca (ativo, id, nome) VALUES (true, 1, 'marca 1');
 insert into marca (ativo, id, nome) VALUES (true, 2, 'marca 2');
 insert into marca (ativo, id, nome) VALUES (true, 3, 'marca 3');
 insert into marca (ativo, id, nome) VALUES (true, 4, 'marca 4');
 insert into marca (ativo, id, nome) VALUES (true, 5, 'marca 5');

 insert into produto (ativo, id,nome, estoque, preco, cor, estrelas, valorcompra, visivel, fornecedor, marca, descricao, nomelongo) values(true, 100, 'bike 1', 50, 1020.0, 1, 5, 200.0, true, 1, 1, 'descricao', 'nome longooooo');
 insert into produto (ativo, id,nome, estoque, preco, cor, estrelas, valorcompra, visivel, fornecedor, marca, descricao, nomelongo) values(true, 101, 'bike 2', 30, 3040.0, 1, 5, 200.0, true, 1, 1, 'descricao', 'nome longooooo');
 insert into produto (ativo, id,nome, estoque, preco, cor, estrelas, valorcompra, visivel, fornecedor, marca, descricao, nomelongo) values(true, 102, 'Ferramenta 1', 20, 300.0, 1, 5, 90.0, true, 1, 1, 'descricao', 'nome longooooo');
 insert into produto (ativo, id,nome, estoque, preco, cor, estrelas, valorcompra, visivel, fornecedor, marca, descricao, nomelongo) values(true, 103, 'Pneu 1', 20, 2000.0, 1, 5, 90.0, true, 1, 1, 'pneeeeeuss', 'nome longooooo');
 insert into produto (ativo, id,nome, estoque, preco, cor, estrelas, valorcompra, visivel, fornecedor, marca, descricao, nomelongo) values(true, 104, 'bike 5', 20, 2200.0, 1, 5, 500.0, true, 1, 1, 'descricao', 'nome longooooo');
 insert into produto (ativo, id,nome, estoque, preco, cor, estrelas, valorcompra, visivel, fornecedor, marca, descricao, nomelongo) values(true, 105, 'Ferramenta 2A', 20, 2700.0, 1, 5, 1200.0, true, 1, 1, 'descricao', 'nome longooooo');
 insert into produto (ativo, id,nome, estoque, preco, cor, estrelas, valorcompra, visivel, fornecedor, marca, descricao, nomelongo) values(true, 106, 'Pneu Aro18', 20, 299.0, 1, 5, 99.0, true, 1, 1, 'descricao', 'nome longooooo');
 insert into produto (ativo, id,nome, estoque, preco, cor, estrelas, valorcompra, visivel, fornecedor, marca, descricao, nomelongo) values(true, 107, 'Pneu 29x2.2', 20, 440.0, 1, 5, 190.0, true, 1, 1, 'descricao', 'nome longooooo');

 insert into produto_img(produto_id, url_imagens_produto) values (100, 'https://firebasestorage.googleapis.com/v0/b/bike-shop-830cf.appspot.com/o/bike1.jpg?alt=media&token=a67128d8-6d57-4217-8ff2-ec6d5d8fa8f5');
 insert into produto_img(produto_id, url_imagens_produto) values (101, 'https://firebasestorage.googleapis.com/v0/b/bike-shop-830cf.appspot.com/o/bike2.jpg?alt=media&token=50ce98d5-7079-40d1-8ec9-aeca4fe2f519');
 insert into produto_img(produto_id, url_imagens_produto) values (102, 'https://firebasestorage.googleapis.com/v0/b/bike-shop-830cf.appspot.com/o/ferramenta1.jpg?alt=media&token=5af758b3-0ba6-429f-b9c6-a3d301e6a245');
 insert into produto_img(produto_id, url_imagens_produto) values (103, 'https://firebasestorage.googleapis.com/v0/b/bike-shop-830cf.appspot.com/o/pneu1.jpg?alt=media&token=fc38ce65-a894-47d5-ad09-f57cd1772d9f');
 insert into produto_img(produto_id, url_imagens_produto) values (104, 'https://firebasestorage.googleapis.com/v0/b/bike-shop-830cf.appspot.com/o/iabike2.jpg?alt=media&token=45f32a77-8a6a-46a3-9a1b-f7e41e217c04');
 insert into produto_img(produto_id, url_imagens_produto) values (105, 'https://firebasestorage.googleapis.com/v0/b/bike-shop-830cf.appspot.com/o/jogodechave.jpg?alt=media&token=75ef3403-96a4-45ee-85a7-60aeb2f3343a');
 insert into produto_img(produto_id, url_imagens_produto) values (106, 'https://firebasestorage.googleapis.com/v0/b/bike-shop-830cf.appspot.com/o/pneu2.jpg?alt=media&token=829ef4e1-650e-48ce-ae13-8893b82ecfd3');
 insert into produto_img(produto_id, url_imagens_produto) values (107, 'https://firebasestorage.googleapis.com/v0/b/bike-shop-830cf.appspot.com/o/pneu3.jpg?alt=media&token=10d320c4-7c50-4795-90a5-a8de9326bdc0');

 insert into freio (id, nome, ativo) VALUES (1, 'Freio Tradicional', true);
 insert into freio (id, nome, ativo) VALUES (2, 'Freio aaaa', true);
 insert into freio (id, nome, ativo) VALUES (3, 'Freio bbbb', true);
 insert into freio (id, nome, ativo) VALUES (4, 'Freio cccc', true);
 insert into freio (id, nome, ativo) VALUES (5, 'Freio ddddd', true);

 insert into bike (id, tamanho, marcha, freio, cambio, tipobike) values((SELECT produto.id FROM produto WHERE produto.nome = 'bike 1'), 1, '12 marchas', 1, 'cambio adasds', 1);
 insert into bike (id, tamanho, marcha, freio, cambio, tipobike) values((SELECT produto.id FROM produto WHERE produto.nome = 'bike 2'), 2, '12 marchas', 1, 'cambio adasds', 1);
 insert into bike(id) VALUES (104);

 insert into pneu (id) VALUES (103);
 insert into pneu (id) VALUES (106);
 insert into pneu (id) VALUES (107);

 insert into ferramenta(id) VALUES (102);
 insert into ferramenta(id) VALUES (105);

 insert into cupom (ativo, nome, id, quantidade, codigo, valordesconto) values(true, 'descontao20', 100, 50, '#desconto20', 20.0);
 insert into cupom (ativo, nome, quantidade, codigo, valordesconto) values(true, 'descontao10', 100, '#desconto10', 10.0);
 insert into cupom (ativo, nome, quantidade, codigo, valordesconto) values(true, 'descontao40', 80, '#desconto40', 40.0);

 insert into estado (ativo, id, sigla_estado, nome) values(true, 100, 'TO', 'Tocantins');
 insert into estado (ativo, id, sigla_estado, nome) values(true, 102, 'GO', 'Goias');
 insert into estado (ativo, id, sigla_estado, nome) values(true, 104, 'PA', 'Para');
 insert into estado (ativo, id, sigla_estado, nome) values(true, 103, 'MG', 'Minas Gerais');

 insert into cidade (ativo, id, nome, estado_id) values(true, 100, 'Palmas', (SELECT estado.id FROM estado WHERE estado.nome = 'Tocantins'));
 insert into cidade (ativo, id, nome, estado_id) values(true, 101, 'Goiania', (SELECT estado.id FROM estado WHERE estado.nome = 'Goias'));
 insert into cidade (ativo, id, nome, estado_id) values(true, 102, 'belem', (SELECT estado.id FROM estado WHERE estado.nome = 'Para'));

 insert into endereco (ativo, id, usuario, descricao) values(true, 100, 101, 'aaaaaaaaaakdkskdk endereco legal, perto daquele lugar la');
 insert into endereco (ativo, id, usuario, descricao) values(true, 102, 102, 'aaaaaaaaaakdkskdk endereco legal, perto daquele lugar la');
 insert into endereco (ativo, id, usuario, descricao) values(true, 103, 103, 'aaaaaaaaaakdkskdk endereco legal, perto daquele lugar la');
 insert into endereco (ativo, id, usuario, descricao) values(true, 4, 104, 'aaaaaaaaaakdkskdk endereco legal, perto daquele lugar la');
 insert into endereco (ativo, id, usuario, descricao) values(true, 5, 105, 'aaaaaaaaaakdkskdk endereco legal, perto daquele lugar la');

 insert into telefone (ativo, id, codigoarea, numero, proprietario_id) values(true, 100, '63', '999727734', 101);
 insert into telefone (ativo, id, codigoarea, numero, proprietario_id) values(true, 101, '62', '978934834', 102);
 insert into telefone (ativo, id, codigoarea, numero, proprietario_id) values(true, 102, '63', '987504954', 103);

 insert into compra (ativo, id, usuario_id, formaPagamento, pagamento_realizado, statusPedido, valorTotal, cupom_compra, endereco_entrega_compra, lista_compra_usuario, codigoRastreio) values(true, 100, 101, 1, true, 1, 0, 100, 100, 100, 'daskdjskdjskdasjk');
 insert into compra (ativo, id, usuario_id, formaPagamento, pagamento_realizado, statusPedido, valorTotal, cupom_compra, endereco_entrega_compra, lista_compra_usuario, codigoRastreio) values(true, 102, 101, 1, true, 1, 0, 100, 100, 101, 'daskdjskdjskdasjk');
 insert into compra (ativo, id, usuario_id, formaPagamento, pagamento_realizado, statusPedido, valorTotal, cupom_compra, endereco_entrega_compra, lista_compra_usuario, codigoRastreio) values(true, 103, 102, 1, true, 1, 0, 100, 100, 102, 'daskdjskdjskdasjk');
 insert into compra (ativo, id, usuario_id, formaPagamento, pagamento_realizado, statusPedido, valorTotal, cupom_compra, endereco_entrega_compra, lista_compra_usuario, codigoRastreio) values(true, 104, 103, 1, true, 1, 0, 100, 100, 103, 'daskdjskdjskdasjk');
 insert into compra (ativo, id, usuario_id, formaPagamento, pagamento_realizado, statusPedido, valorTotal, cupom_compra, endereco_entrega_compra, lista_compra_usuario, codigoRastreio) values(true, 105, 104, 1, true, 1, 0, 100, 100, 104, 'daskdjskdjskdasjk');

 insert into categoria (ativo, id, nome) VALUES (true, 1, 'categoria 1');
 insert into categoria (ativo, id, nome) VALUES (true, 2, 'categoria 2');
 insert into categoria (ativo, id, nome) VALUES (true, 3, 'categoria 3');
insert into categoria (ativo, id, nome) VALUES (true, 4, 'Bike');
insert into categoria (ativo, id, nome) VALUES (true, 5, 'Ferramenta');
insert into categoria (ativo, id, nome) VALUES (true, 6, 'Pneu');

 insert into produto_categoria (produto_id, categorias_id) VALUES (100, 4);
 insert into produto_categoria (produto_id, categorias_id) VALUES (101, 4);
 insert into produto_categoria (produto_id, categorias_id) VALUES (102, 5);
 insert into produto_categoria (produto_id, categorias_id) VALUES (103, 6);
insert into produto_categoria (produto_id, categorias_id) VALUES (104, 4);
 insert into produto_categoria (produto_id, categorias_id) VALUES (105, 5);
insert into produto_categoria (produto_id, categorias_id) VALUES (106, 6);
 insert into produto_categoria (produto_id, categorias_id) VALUES (107, 6);

 insert into itemcompra (ativo, id, produto_item_compra, quantidade, lista_itemcompra) values(true, 100, (SELECT produto.id FROM produto WHERE produto.nome = 'bike 1'), 5, 100);
 insert into itemcompra (ativo, id, produto_item_compra, quantidade, lista_itemcompra) values(true, 101, (SELECT produto.id FROM produto WHERE produto.nome = 'bike 2'), 2, 100);
 insert into itemcompra (ativo, id, produto_item_compra, quantidade, lista_itemcompra) values(true, 102, (SELECT produto.id FROM produto WHERE produto.nome = 'bike 1'), 1, 102);
 insert into itemcompra (ativo, id, produto_item_compra, quantidade) values(true, 103, (SELECT produto.id FROM produto WHERE produto.nome = 'bike 1'), 5);
 insert into itemcompra (ativo, id, produto_item_compra, quantidade) values(true, 104, (SELECT produto.id FROM produto WHERE produto.nome = 'bike 1'), 5);
 insert into itemcompra (ativo, id, produto_item_compra, quantidade) values(true, 105, (SELECT produto.id FROM produto WHERE produto.nome = 'bike 1'), 5);

 insert into avaliacao (ativo, id, usuario_id, produto_id, estrelas, comentario) values(true, 100, 101, 101, 5, 'Bom');
 insert into avaliacao (ativo, id, usuario_id, produto_id, estrelas, comentario) values(true, 102, 101, 102, 5, 'Legal');
 insert into avaliacao (ativo, id, usuario_id, produto_id, estrelas, comentario) values(true, 103, 101, 102, 5, 'asdasdsdads');
 insert into avaliacao (ativo, id, usuario_id, produto_id, estrelas, comentario) values(true, 104, 101, 101, 5, 'aslsldlsdl 213213j jj');

 insert into usuario_perfil (perfil, id_usuario) values (1, 100);
 insert into usuario_perfil (perfil, id_usuario) values (1, 101);
 insert into usuario_perfil (perfil, id_usuario) values (2, 101);
 insert into usuario_perfil (perfil, id_usuario) values (2, 100);

 insert into cartao (id, usuario_id) values (100, 100);

 insert into homeconfig (id, ativo) values (1, true);

 insert into carrossel (nome, ativo, lista_carrossel, id, link, image) values ('Promoção 1', true, 1, 1, '', 'https://firebasestorage.googleapis.com/v0/b/bike-shop-830cf.appspot.com/o/2024_24_a_31_maio_Orgulho_Nerd_1920x450.jpg?alt=media&token=c96b7dab-cdf4-4fa6-a0e5-d1e9c7c8f25b');
 insert into carrossel (nome, ativo, lista_carrossel, id, link, image) values ('Promoção 2', true, 1, 2, '', 'https://firebasestorage.googleapis.com/v0/b/bike-shop-830cf.appspot.com/o/carrossel%20promocao.png?alt=media&token=64a3a45b-9eba-4d15-adc9-ffcdaf3d29c8');
 insert into carrossel (nome, ativo, lista_carrossel, id, link, image) values ('Promoção 3', true, 1, 3, '', 'https://placehold.co/1150x300/gray/white?text=Promoção+3');

 ------------------------------

 insert into fornecedor (ativo, id, nome, cnpj) VALUES (true, 2, 'Fornecedor 2', '0002200/000');
 insert into fornecedor (ativo, id, nome, cnpj) VALUES (true, 3, 'Fornecedor 3', '0003300/000');
 
 insert into produto (ativo, id, nome, estoque, preco, cor, estrelas, valorcompra, visivel, fornecedor, marca, descricao, nomelongo) 
 values(true, 108, 'bike 3', 45, 1500.0, 2, 4, 300.0, true, 2, 2, 'descricao', 'nome longooooo');
 insert into produto (ativo, id, nome, estoque, preco, cor, estrelas, valorcompra, visivel, fornecedor, marca, descricao, nomelongo) 
 values(true, 109, 'bike 4', 40, 1800.0, 2, 5, 400.0, true, 2, 3, 'descricao', 'nome longooooo');
 insert into produto (ativo, id, nome, estoque, preco, cor, estrelas, valorcompra, visivel, fornecedor, marca, descricao, nomelongo) 
 values(true, 110, 'Camiseta 1', 100, 50.0, 3, 5, 10.0, true, 2, 2, 'descricao', 'nome longooooo');
 insert into produto (ativo, id, nome, estoque, preco, cor, estrelas, valorcompra, visivel, fornecedor, marca, descricao, nomelongo) 
 values(true, 111, 'Camiseta 2', 80, 70.0, 3, 4, 20.0, true, 2, 3, 'descricao', 'nome longooooo');
 insert into produto (ativo, id, nome, estoque, preco, cor, estrelas, valorcompra, visivel, fornecedor, marca, descricao, nomelongo) 
 values(true, 112, 'Luvas 1', 60, 25.0, 4, 5, 5.0, true, 3, 2, 'descricao', 'nome longooooo');
 insert into produto (ativo, id, nome, estoque, preco, cor, estrelas, valorcompra, visivel, fornecedor, marca, descricao, nomelongo) 
 values(true, 113, 'Capacete 1', 50, 150.0, 4, 5, 40.0, true, 3, 4, 'descricao', 'nome longooooo');
 insert into produto (ativo, id, nome, estoque, preco, cor, estrelas, valorcompra, visivel, fornecedor, marca, descricao, nomelongo) 
 values(true, 114, 'Capacete 2', 55, 180.0, 4, 4, 50.0, true, 3, 5, 'descricao', 'nome longooooo');
 insert into produto (ativo, id, nome, estoque, preco, cor, estrelas, valorcompra, visivel, fornecedor, marca, descricao, nomelongo) 
 values(true, 115, 'Ferramenta 3', 25, 320.0, 1, 5, 100.0, true, 3, 1, 'descricao', 'nome longooooo');
 insert into produto (ativo, id, nome, estoque, preco, cor, estrelas, valorcompra, visivel, fornecedor, marca, descricao, nomelongo) 
 values(true, 116, 'Ferramenta 4', 15, 350.0, 1, 4, 110.0, true, 3, 2, 'descricao', 'nome longooooo');
 insert into produto (ativo, id, nome, estoque, preco, cor, estrelas, valorcompra, visivel, fornecedor, marca, descricao, nomelongo) 
 values(true, 117, 'Ferramenta 5', 20, 300.0, 1, 5, 90.0, true, 3, 3, 'descricao', 'nome longooooo');
 insert into produto (ativo, id, nome, estoque, preco, cor, estrelas, valorcompra, visivel, fornecedor, marca, descricao, nomelongo) 
 values(true, 118, 'Pneu 2', 25, 2100.0, 1, 5, 100.0, true, 1, 4, 'descricao', 'nome longooooo');
 insert into produto (ativo, id, nome, estoque, preco, cor, estrelas, valorcompra, visivel, fornecedor, marca, descricao, nomelongo) 
 values(true, 119, 'Pneu 3', 30, 2200.0, 1, 4, 110.0, true, 1, 5, 'descricao', 'nome longooooo');
 insert into produto (ativo, id, nome, estoque, preco, cor, estrelas, valorcompra, visivel, fornecedor, marca, descricao, nomelongo) 
 values(true, 120, 'Pneu 4', 35, 2300.0, 1, 5, 120.0, true, 2, 1, 'descricao', 'nome longooooo');
 insert into produto (ativo, id, nome, estoque, preco, cor, estrelas, valorcompra, visivel, fornecedor, marca, descricao, nomelongo) 
 values(true, 121, 'Bike 6', 20, 2400.0, 1, 5, 130.0, true, 2, 2, 'descricao', 'nome longooooo');
 insert into produto (ativo, id, nome, estoque, preco, cor, estrelas, valorcompra, visivel, fornecedor, marca, descricao, nomelongo) 
 values(true, 122, 'Bike 7', 15, 2500.0, 1, 5, 140.0, true, 3, 3, 'descricao', 'nome longooooo');
 insert into produto (ativo, id, nome, estoque, preco, cor, estrelas, valorcompra, visivel, fornecedor, marca, descricao, nomelongo) 
 values(true, 123, 'Camisa 1', 50, 50.0, 3, 5, 20.0, true, 3, 4, 'descricao', 'nome longooooo');
 insert into produto (ativo, id, nome, estoque, preco, cor, estrelas, valorcompra, visivel, fornecedor, marca, descricao, nomelongo) 
 values(true, 124, 'Camisa 2', 40, 70.0, 3, 4, 30.0, true, 3, 5, 'descricao', 'nome longooooo');
 insert into produto (ativo, id, nome, estoque, preco, cor, estrelas, valorcompra, visivel, fornecedor, marca, descricao, nomelongo) 
 values(true, 125, 'Calção 1', 60, 100.0, 4, 5, 40.0, true, 3, 1, 'descricao', 'nome longooooo');
 insert into produto (ativo, id, nome, estoque, preco, cor, estrelas, valorcompra, visivel, fornecedor, marca, descricao, nomelongo) 
 values(true, 126, 'Calção 2', 55, 120.0, 4, 4, 50.0, true, 3, 2, 'descricao', 'nome longooooo');
 insert into produto (ativo, id, nome, estoque, preco, cor, estrelas, valorcompra, visivel, fornecedor, marca, descricao, nomelongo) 
 values(true, 127, 'Ferramenta 6', 25, 400.0, 1, 5, 150.0, true, 2, 3, 'descricao', 'nome longooooo');
 insert into produto (ativo, id, nome, estoque, preco, cor, estrelas, valorcompra, visivel, fornecedor, marca, descricao, nomelongo) 
 values(true, 128, 'Ferramenta 7', 20, 450.0, 1, 4, 160.0, true, 2, 4, 'descricao', 'nome longooooo');
 insert into produto (ativo, id, nome, estoque, preco, cor, estrelas, valorcompra, visivel, fornecedor, marca, descricao, nomelongo) 
 values(true, 129, 'Pneu 5', 30, 2400.0, 1, 5, 130.0, true, 2, 5, 'descricao', 'nome longooooo');
 insert into produto (ativo, id, nome, estoque, preco, cor, estrelas, valorcompra, visivel, fornecedor, marca, descricao, nomelongo) 
 values(true, 130, 'Pneu 6', 35, 2500.0, 1, 5, 140.0, true, 2, 1, 'descricao', 'nome longooooo');
 insert into produto (ativo, id, nome, estoque, preco, cor, estrelas, valorcompra, visivel, fornecedor, marca, descricao, nomelongo) 
 values(true, 131, 'Bike 8', 20, 2600.0, 1, 5, 150.0, true, 2, 2, 'descricao', 'nome longooooo');
 insert into produto (ativo, id, nome, estoque, preco, cor, estrelas, valorcompra, visivel, fornecedor, marca, descricao, nomelongo) 
 values(true, 132, 'Bike 9', 15, 2700.0, 1, 5, 160.0, true, 3, 3, 'descricao', 'nome longooooo');
 insert into produto (ativo, id, nome, estoque, preco, cor, estrelas, valorcompra, visivel, fornecedor, marca, descricao, nomelongo) 
 values(true, 133, 'Camiseta 3', 50, 55.0, 3, 5, 25.0, true, 3, 4, 'descricao', 'nome longooooo');
 insert into produto (ativo, id, nome, estoque, preco, cor, estrelas, valorcompra, visivel, fornecedor, marca, descricao, nomelongo) 
 values(true, 134, 'Camiseta 4', 40, 75.0, 3, 4, 35.0, true, 3, 5, 'descricao', 'nome longooooo');
 insert into produto (ativo, id, nome, estoque, preco, cor, estrelas, valorcompra, visivel, fornecedor, marca, descricao, nomelongo) 
 values(true, 135, 'Luvas 2', 60, 30.0, 4, 5, 15.0, true, 3, 1, 'descricao', 'nome longooooo');
 insert into produto (ativo, id, nome, estoque, preco, cor, estrelas, valorcompra, visivel, fornecedor, marca, descricao, nomelongo) 
 values(true, 136, 'Capacete 3', 50, 160.0, 4, 5, 60.0, true, 3, 2, 'descricao', 'nome longooooo');
 insert into produto (ativo, id, nome, estoque, preco, cor, estrelas, valorcompra, visivel, fornecedor, marca, descricao, nomelongo) 
 values(true, 137, 'Capacete 4', 55, 190.0, 4, 4, 70.0, true, 3, 3, 'descricao', 'nome longooooo');
 
 
 insert into bike (id, tamanho, marcha, freio, cambio, tipobike) 
 values((SELECT produto.id FROM produto WHERE produto.nome = 'Mountain Bike 3'), 1, '12 marchas', 1, 'câmbio Shimano', 1);
 insert into bike (id, tamanho, marcha, freio, cambio, tipobike) 
 values((SELECT produto.id FROM produto WHERE produto.nome = 'Mountain Bike 4'), 2, '12 marchas', 2, 'câmbio SRAM', 2);
 insert into bike (id, tamanho, marcha, freio, cambio, tipobike) 
 values((SELECT produto.id FROM produto WHERE produto.nome = 'Bike 6'), 3, '18 marchas', 3, 'câmbio Shimano', 1);
 insert into bike (id, tamanho, marcha, freio, cambio, tipobike) 
 values((SELECT produto.id FROM produto WHERE produto.nome = 'Bike 7'), 4, '21 marchas', 4, 'câmbio Shimano', 2);
 insert into bike (id, tamanho, marcha, freio, cambio, tipobike) 
 values((SELECT produto.id FROM produto WHERE produto.nome = 'Bike 8'), 5, '24 marchas', 5, 'câmbio Shimano', 3);
 insert into bike (id, tamanho, marcha, freio, cambio, tipobike) 
 values((SELECT produto.id FROM produto WHERE produto.nome = 'Bike 9'), 6, '27 marchas', 1, 'câmbio Shimano', 4);
 insert into pneu (id) 
 values((SELECT produto.id FROM produto WHERE produto.nome = 'Pneu 2'));
 insert into pneu (id) 
 values((SELECT produto.id FROM produto WHERE produto.nome = 'Pneu 3'));
 insert into pneu (id) 
 values((SELECT produto.id FROM produto WHERE produto.nome = 'Pneu 4'));
 insert into pneu (id) 
 values((SELECT produto.id FROM produto WHERE produto.nome = 'Pneu 5'));
 insert into pneu (id) 
 values((SELECT produto.id FROM produto WHERE produto.nome = 'Pneu 6'));
 insert into ferramenta (id) 
 values((SELECT produto.id FROM produto WHERE produto.nome = 'Kit de Ferramentas 3'));
 insert into ferramenta (id) 
 values((SELECT produto.id FROM produto WHERE produto.nome = 'Kit de Reparo 4'));
 insert into ferramenta (id) 
 values((SELECT produto.id FROM produto WHERE produto.nome = 'Kit de Manutenção 5'));
 insert into ferramenta (id) 
 values((SELECT produto.id FROM produto WHERE produto.nome = 'Kit de Ferramentas Avançado 6'));
 insert into ferramenta (id) 
 values((SELECT produto.id FROM produto WHERE produto.nome = 'Kit de Reparo Rápido 7'));

 
 insert into produto_img(produto_id, url_imagens_produto) values (108,'https://placehold.co/220x200/gray/white?text=Produto');
 insert into produto_img(produto_id, url_imagens_produto) values (109,'https://placehold.co/220x200/gray/white?text=Produto');
 insert into produto_img(produto_id, url_imagens_produto) values (110,'https://placehold.co/220x200/gray/white?text=Produto');
 insert into produto_img(produto_id, url_imagens_produto) values (111,'https://placehold.co/220x200/gray/white?text=Produto');
 insert into produto_img(produto_id, url_imagens_produto) values (112,'https://placehold.co/220x200/gray/white?text=Produto');
 insert into produto_img(produto_id, url_imagens_produto) values (113,'https://placehold.co/220x200/gray/white?text=Produto');
 insert into produto_img(produto_id, url_imagens_produto) values (114,'https://placehold.co/220x200/gray/white?text=Produto');
 insert into produto_img(produto_id, url_imagens_produto) values (115,'https://placehold.co/220x200/gray/white?text=Produto');
 insert into produto_img(produto_id, url_imagens_produto) values (116,'https://placehold.co/220x200/gray/white?text=Produto');
 insert into produto_img(produto_id, url_imagens_produto) values (117,'https://placehold.co/220x200/gray/white?text=Produto');
 insert into produto_img(produto_id, url_imagens_produto) values (118,'https://placehold.co/220x200/gray/white?text=Produto');
 insert into produto_img(produto_id, url_imagens_produto) values (119,'https://placehold.co/220x200/gray/white?text=Produto');
 insert into produto_img(produto_id, url_imagens_produto) values (120,'https://placehold.co/220x200/gray/white?text=Produto');
 insert into produto_img(produto_id, url_imagens_produto) values (121,'https://placehold.co/220x200/gray/white?text=Produto');
 insert into produto_img(produto_id, url_imagens_produto) values (122,'https://placehold.co/220x200/gray/white?text=Produto');
 insert into produto_img(produto_id, url_imagens_produto) values (123,'https://placehold.co/220x200/gray/white?text=Produto');
 insert into produto_img(produto_id, url_imagens_produto) values (124,'https://placehold.co/220x200/gray/white?text=Produto');
 insert into produto_img(produto_id, url_imagens_produto) values (125,'https://placehold.co/220x200/gray/white?text=Produto');
 insert into produto_img(produto_id, url_imagens_produto) values (126,'https://placehold.co/220x200/gray/white?text=Produto');
 insert into produto_img(produto_id, url_imagens_produto) values (127,'https://placehold.co/220x200/gray/white?text=Produto');
 insert into produto_img(produto_id, url_imagens_produto) values (128,'https://placehold.co/220x200/gray/white?text=Produto');
 insert into produto_img(produto_id, url_imagens_produto) values (129,'https://placehold.co/220x200/gray/white?text=Produto');
 insert into produto_img(produto_id, url_imagens_produto) values (130,'https://placehold.co/220x200/gray/white?text=Produto');
 insert into produto_img(produto_id, url_imagens_produto) values (131,'https://placehold.co/220x200/gray/white?text=Produto');
 insert into produto_img(produto_id, url_imagens_produto) values (132,'https://placehold.co/220x200/gray/white?text=Produto');
 insert into produto_img(produto_id, url_imagens_produto) values (133,'https://placehold.co/220x200/gray/white?text=Produto');
 insert into produto_img(produto_id, url_imagens_produto) values (134,'https://placehold.co/220x200/gray/white?text=Produto');
 insert into produto_img(produto_id, url_imagens_produto) values (135,'https://placehold.co/220x200/gray/white?text=Produto');
 insert into produto_img(produto_id, url_imagens_produto) values (136,'https://placehold.co/220x200/gray/white?text=Produto');
 insert into produto_img(produto_id, url_imagens_produto) values (137,'https://placehold.co/220x200/gray/white?text=Produto');
 
 insert into categoria (ativo, id, nome) VALUES (true, 7, 'Camiseta');
 insert into categoria (ativo, id, nome) VALUES (true, 8, 'Luvas');
 insert into categoria (ativo, id, nome) VALUES (true, 9, 'Capacete');
 insert into categoria (ativo, id, nome) VALUES (true, 10, 'Camisa');
 insert into categoria (ativo, id, nome) VALUES (true, 11, 'Calção');
 
 insert into produto_categoria (produto_id, categorias_id) VALUES (108, 4);
 insert into produto_categoria (produto_id, categorias_id) VALUES (109, 4);
 insert into produto_categoria (produto_id, categorias_id) VALUES (110, 7);
 insert into produto_categoria (produto_id, categorias_id) VALUES (111, 7);
 insert into produto_categoria (produto_id, categorias_id) VALUES (112, 8);
 insert into produto_categoria (produto_id, categorias_id) VALUES (113, 9);
 insert into produto_categoria (produto_id, categorias_id) VALUES (114, 9);
 insert into produto_categoria (produto_id, categorias_id) VALUES (115, 5);
 insert into produto_categoria (produto_id, categorias_id) VALUES (116, 5);
 insert into produto_categoria (produto_id, categorias_id) VALUES (117, 5);
 insert into produto_categoria (produto_id, categorias_id) VALUES (118, 6);
 insert into produto_categoria (produto_id, categorias_id) VALUES (119, 6);
 insert into produto_categoria (produto_id, categorias_id) VALUES (120, 6);
 insert into produto_categoria (produto_id, categorias_id) VALUES (121, 4);
 insert into produto_categoria (produto_id, categorias_id) VALUES (122, 4);
 insert into produto_categoria (produto_id, categorias_id) VALUES (123, 10);
 insert into produto_categoria (produto_id, categorias_id) VALUES (124, 10);
 insert into produto_categoria (produto_id, categorias_id) VALUES (125, 11);
 insert into produto_categoria (produto_id, categorias_id) VALUES (126, 11);
 insert into produto_categoria (produto_id, categorias_id) VALUES (127, 5);
 insert into produto_categoria (produto_id, categorias_id) VALUES (128, 5);
 insert into produto_categoria (produto_id, categorias_id) VALUES (129, 6);
 insert into produto_categoria (produto_id, categorias_id) VALUES (130, 6);
 insert into produto_categoria (produto_id, categorias_id) VALUES (131, 4);
 insert into produto_categoria (produto_id, categorias_id) VALUES (132, 4);
 insert into produto_categoria (produto_id, categorias_id) VALUES (133, 7);
 insert into produto_categoria (produto_id, categorias_id) VALUES (134, 7);
 insert into produto_categoria (produto_id, categorias_id) VALUES (135, 8);
 insert into produto_categoria (produto_id, categorias_id) VALUES (136, 9);
 insert into produto_categoria (produto_id, categorias_id) VALUES (137, 9);
 