-- his file allow to e SQL commands that will be emitted in test and dev.
-- The commands are coted as their support dependf the database
 insert into usuario (email, nome, ativo, id, login, senha) values('kaiomacedo@unitins.br','kaio', true, 101, 'kaio','cBz32i3RfBAIaqKNkTfdDZLrqih7z94jKllRAMiOW+U+b3GTkGAVUJhWsP6LK8KfVkkei6cekKUJpS2bU7VqvQ==');
 insert into usuario (email, nome, ativo, id, login, senha) values('joao@gmail.com','joao',true, 107, 'joao','cBz32i3RfBAIaqKNkTfdDZLrqih7z94jKllRAMiOW+U+b3GTkGAVUJhWsP6LK8KfVkkei6cekKUJpS2bU7VqvQ==');
 insert into usuario (email, nome, ativo, id, login, senha) values('antonio@gmail.com','antonio',true, 102, 'antonio','cBz32i3RfBAIaqKNkTfdDZLrqih7z94jKllRAMiOW+U+b3GTkGAVUJhWsP6LK8KfVkkei6cekKUJpS2bU7VqvQ==');
 insert into usuario (email, nome, ativo, id, login, senha) values('lucas@gmail.com','lucas',true, 103, 'lucas', 'cBz32i3RfBAIaqKNkTfdDZLrqih7z94jKllRAMiOW+U+b3GTkGAVUJhWsP6LK8KfVkkei6cekKUJpS2bU7VqvQ==');
 insert into usuario (nome, ativo, id, login, senha) values('kuba event',true, 104,'kuba event', 'cBz32i3RfBAIaqKNkTfdDZLrqih7z94jKllRAMiOW+U+b3GTkGAVUJhWsP6LK8KfVkkei6cekKUJpS2bU7VqvQ==');
 insert into usuario (nome, ativo, id, login, senha) values('imports',true, 105, 'imports imports', 'cBz32i3RfBAIaqKNkTfdDZLrqih7z94jKllRAMiOW+U+b3GTkGAVUJhWsP6LK8KfVkkei6cekKUJpS2bU7VqvQ==');
 insert into usuario (nome, ativo, id, login, senha) values('al',true, 106, 'al', 'cBz32i3RfBAIaqKNkTfdDZLrqih7z94jKllRAMiOW+U+b3GTkGAVUJhWsP6LK8KfVkkei6cekKUJpS2bU7VqvQ==');
 insert into usuario (nome, ativo, id, login, senha) values('AEDAO',true, 108, 'AEDAO', 'cBz32i3RfBAIaqKNkTfdDZLrqih7z94jKllRAMiOW+U+b3GTkGAVUJhWsP6LK8KfVkkei6cekKUJpS2bU7VqvQ==');
 insert into usuario (nome, ativo, id, login, senha) values('joana',true, 109, 'joana', 'cBz32i3RfBAIaqKNkTfdDZLrqih7z94jKllRAMiOW+U+b3GTkGAVUJhWsP6LK8KfVkkei6cekKUJpS2bU7VqvQ==');
 insert into usuario (nome, ativo, id, login, senha) values('kamila',true, 110, 'kamila', 'cBz32i3RfBAIaqKNkTfdDZLrqih7z94jKllRAMiOW+U+b3GTkGAVUJhWsP6LK8KfVkkei6cekKUJpS2bU7VqvQ==');
 insert into usuario (nome, ativo, id, login, senha) values('amanda',true, 111, 'amanda', 'cBz32i3RfBAIaqKNkTfdDZLrqih7z94jKllRAMiOW+U+b3GTkGAVUJhWsP6LK8KfVkkei6cekKUJpS2bU7VqvQ==');
 insert into usuario (nome, ativo, id, login, senha) values('isabela',true, 112, 'isabela', 'cBz32i3RfBAIaqKNkTfdDZLrqih7z94jKllRAMiOW+U+b3GTkGAVUJhWsP6LK8KfVkkei6cekKUJpS2bU7VqvQ==');
 insert into usuario (nome, ativo, id, login, senha) values('gabriel',true, 113, 'gabriel', 'cBz32i3RfBAIaqKNkTfdDZLrqih7z94jKllRAMiOW+U+b3GTkGAVUJhWsP6LK8KfVkkei6cekKUJpS2bU7VqvQ==');
 insert into usuario (nome, ativo, id, login, senha) values('otavio',true, 114, 'otavio', 'cBz32i3RfBAIaqKNkTfdDZLrqih7z94jKllRAMiOW+U+b3GTkGAVUJhWsP6LK8KfVkkei6cekKUJpS2bU7VqvQ==');
 insert into usuario (nome, ativo, id, login, senha) values('rubens',true, 115, 'rubens', 'cBz32i3RfBAIaqKNkTfdDZLrqih7z94jKllRAMiOW+U+b3GTkGAVUJhWsP6LK8KfVkkei6cekKUJpS2bU7VqvQ==');
 insert into usuario (nome, ativo, id, login, senha) values('ordete',true, 116, 'ordete','cBz32i3RfBAIaqKNkTfdDZLrqih7z94jKllRAMiOW+U+b3GTkGAVUJhWsP6LK8KfVkkei6cekKUJpS2bU7VqvQ==');
 insert into usuario (email, nome, ativo, id,  login, senha) values('teste@gmail.com','teste',true, 100, 'teste', 'cBz32i3RfBAIaqKNkTfdDZLrqih7z94jKllRAMiOW+U+b3GTkGAVUJhWsP6LK8KfVkkei6cekKUJpS2bU7VqvQ==');
 insert into pessoafisica (id, cpf, sobrenome) values(101, '05562849259', 'hilowisck');
 insert into pessoafisica (id, cpf, sobrenome) values(107, '98765432101', 'hilowisck');
 insert into pessoafisica (id, cpf, sobrenome) values(102, '23456789023', 'hilowisck');
 insert into pessoafisica (id, cpf, sobrenome) values(103, '34567890134', 'hilowisck');

 insert into fornecedor (ativo, id, nome, cnpj) VALUES (true, 1, 'Fornecedor 1', '0001100/000');
 insert into marca (ativo, id, nome) VALUES (true, 1, 'marca 1');
 insert into marca (ativo, id, nome) VALUES (true, 2, 'marca 2');
 insert into marca (ativo, id, nome) VALUES (true, 3, 'marca 3');
 insert into marca (ativo, id, nome) VALUES (true, 4, 'marca 4');
 insert into marca (ativo, id, nome) VALUES (true, 5, 'marca 5');
ALTER TABLE produto MODIFY COLUMN descricao VARCHAR(2048);
 insert into produto (ativo, id,nome, estoque, preco, cor, estrelas, valorcompra, visivel, fornecedor, marca, descricao, nomelongo) values(true, 100, 'bike 1', 50, 1020.0, 1, 5, 200.0, true, 1, 1, 'A bicicleta ideal para os entusiastas de aventuras ao ar livre e ciclistas urbanos. Com um design robusto e leve, a Bike 1 combina estilo e funcionalidade. Equipada com um quadro de alta resistência, rodas duráveis e um sistema de transmissão suave, proporciona uma experiência de pedalada excepcional. Perfeita para explorar trilhas ou navegar pela cidade com conforto e confiança.', 'nome longooooo');
 insert into produto (ativo, id,nome, estoque, preco, cor, estrelas, valorcompra, visivel, fornecedor, marca, descricao, nomelongo) values(true, 101, 'bike 2', 30, 3040.0, 1, 5, 200.0, true, 1, 1, 'A Bike 2 é uma bicicleta premium projetada para entusiastas que buscam desempenho e estilo. Construída com materiais de alta qualidade, esta bicicleta oferece uma condução estável e ágil em qualquer terreno. Equipada com componentes avançados, como freios de alta performance e um sistema de suspensão eficaz, é a escolha ideal para ciclistas que valorizam qualidade e desempenho em cada pedalada.', 'nome longooooo');
 insert into produto (ativo, id,nome, estoque, preco, cor, estrelas, valorcompra, visivel, fornecedor, marca, descricao, nomelongo) values(true, 102, 'Ferramenta 1', 20, 300.0, 1, 5, 90.0, true, 1, 1, 'A Ferramenta 1 é indispensável para qualquer kit de ferramentas. Com um design ergonômico e durável, esta ferramenta é projetada para lidar com uma variedade de tarefas. Ideal para reparos domésticos ou trabalhos profissionais, oferece precisão e eficiência em cada utilização. Sua construção robusta garante confiabilidade e durabilidade, tornando-a uma escolha confiável para qualquer projeto.', 'nome longooooo');
 insert into produto (ativo, id,nome, estoque, preco, cor, estrelas, valorcompra, visivel, fornecedor, marca, descricao, nomelongo) values(true, 103, 'Pneu 1', 20, 2000.0, 1, 5, 90.0, true, 1, 1, 'O Pneu 1 é projetado para oferecer desempenho superior e durabilidade em todos os tipos de terreno. Com uma estrutura resistente e um padrão de banda de rodagem otimizado, proporciona aderência excepcional e controle preciso. Ideal para ciclistas que buscam confiança em condições variadas, este pneu combina resistência com um design moderno e eficiente.', 'nome longooooo');
 insert into produto (ativo, id,nome, estoque, preco, cor, estrelas, valorcompra, visivel, fornecedor, marca, descricao, nomelongo) values(true, 104, 'bike 5', 20, 2200.0, 1, 5, 500.0, true, 1, 1, 'A Bike 5 é uma bicicleta premium que redefine o conforto e o desempenho. Com um quadro leve e aerodinâmico, oferece uma experiência de condução suave e estável. Equipada com componentes de alta qualidade, como freios de precisão e um sistema de transmissão eficiente, é ideal tanto para deslocamentos diários quanto para aventuras mais longas. Uma escolha perfeita para ciclistas que valorizam qualidade e estilo em cada passeio.', 'nome longooooo');
 insert into produto (ativo, id,nome, estoque, preco, cor, estrelas, valorcompra, visivel, fornecedor, marca, descricao, nomelongo) values(true, 105, 'Ferramenta 2A', 20, 2700.0, 1, 5, 1200.0, true, 1, 1, 'A Ferramenta 2A é uma ferramenta multifuncional projetada para máxima versatilidade e durabilidade. Com um design compacto e ergonômico, oferece desempenho excepcional em uma variedade de aplicações. Ideal para trabalhos de manutenção e reparo, esta ferramenta robusta proporciona precisão e eficiência em cada uso. Perfeita para profissionais e entusiastas que exigem o melhor em suas ferramentas.', 'nome longooooo');
 insert into produto (ativo, id,nome, estoque, preco, cor, estrelas, valorcompra, visivel, fornecedor, marca, descricao, nomelongo) values(true, 106, 'Pneu Aro18', 20, 299.0, 1, 5, 99.0, true, 1, 1, 'O Pneu Aro18 é a escolha ideal para ciclistas que buscam desempenho e confiabilidade. Com um design leve e resistente, oferece uma aderência excepcional em terrenos variados. Equipado com uma estrutura durável e um padrão de banda de rodagem otimizado, proporciona controle preciso e conforto durante a pedalada. Ideal para ciclistas urbanos e off-road que valorizam qualidade e segurança em seus pneus.', 'nome longooooo');
 insert into produto (ativo, id,nome, estoque, preco, cor, estrelas, valorcompra, visivel, fornecedor, marca, descricao, nomelongo) values(true, 107, 'Pneu 29x2.2', 20, 440.0, 1, 5, 190.0, true, 1, 1, 'O Pneu 29x2.2 é projetado para oferecer desempenho superior em mountain bikes. Com um design robusto e uma construção durável, proporciona tração excepcional e resistência ao desgaste. Equipado com um padrão de banda de rodagem agressivo, oferece aderência máxima em terrenos difíceis. Ideal para ciclistas que buscam aventuras off-road com confiança e segurança.', 'nome longooooo');

 insert into freio (id, nome, ativo) VALUES (1, 'Freio Tradicional', true);
 insert into freio (id, nome, ativo) VALUES (2, 'Freio aaaa', true);
 insert into freio (id, nome, ativo) VALUES (3, 'Freio bbbb', true);
 insert into freio (id, nome, ativo) VALUES (4, 'Freio cccc', true);
 insert into freio (id, nome, ativo) VALUES (5, 'Freio ddddd', true);

 insert into bike (id, tamanho, marcha, freio, cambio, tipobike) values((SELECT produto.id FROM produto WHERE produto.nome = 'bike 1'), 1, '12 marchas', 1, 'cambio adasds', 1);
 insert into bike (id, tamanho, marcha, freio, cambio, tipobike) values((SELECT produto.id FROM produto WHERE produto.nome = 'bike 2'), 2, '12 marchas', 1, 'cambio adasds', 1);
 insert into bike(id) VALUES (104);

 insert into pneu (id) VALUES (103);
 insert into pneu (id) VALUES (106);
 insert into pneu (id) VALUES (107);

 insert into ferramenta(id) VALUES (102);
 insert into ferramenta(id) VALUES (105);

 insert into cupom (ativo, nome, id, quantidade, codigo, valordesconto) values(true, 'descontao20', 100, 50, '#desconto20', 20.0);
 insert into cupom (ativo, nome, quantidade, codigo, valordesconto) values(true, 'descontao10', 100, '#desconto10', 10.0);
 insert into cupom (ativo, nome, quantidade, codigo, valordesconto) values(true, 'descontao40', 80, '#desconto40', 40.0);

 insert into estado (ativo, id, sigla_estado, nome) values(true, 100, 'TO', 'Tocantins');
 insert into estado (ativo, id, sigla_estado, nome) values(true, 102, 'GO', 'Goias');
 insert into estado (ativo, id, sigla_estado, nome) values(true, 104, 'PA', 'Para');
 insert into estado (ativo, id, sigla_estado, nome) values(true, 103, 'MG', 'Minas Gerais');

insert into cidade (ativo, estado, id, nome) values (true, 100, 1, 'Palmas');
insert into cidade (ativo, estado, id, nome) values (true, 100, 2, 'Paraiso');
insert into cidade (ativo, estado, id, nome) values (true, 100, 3, 'Porto Nacional');

 insert into endereco (ativo, id, usuario, descricao, lista_enderecos_usuario, nome, cidade) values(true, 100, 101, 'endereco legal, perto daquele lugar la', 101, 'casa', 1);
 insert into endereco (ativo, id, usuario, descricao, lista_enderecos_usuario) values(true, 102, 102, 'aaaaaaaaaakdkskdk endereco legal, perto daquele lugar la', 102);
 insert into endereco (ativo, id, usuario, descricao, lista_enderecos_usuario) values(true, 103, 103, 'aaaaaaaaaakdkskdk endereco legal, perto daquele lugar la', 103);
 insert into endereco (ativo, id, usuario, descricao, lista_enderecos_usuario) values(true, 4, 104, 'aaaaaaaaaakdkskdk endereco legal, perto daquele lugar la', 104);
 insert into endereco (ativo, id, usuario, descricao, lista_enderecos_usuario) values(true, 5, 105, 'aaaaaaaaaakdkskdk endereco legal, perto daquele lugar la', 105);

 insert into telefone (ativo, id, codigoarea, numero, proprietario_id) values(true, 100, '63', '999727734', 101);
 insert into telefone (ativo, id, codigoarea, numero, proprietario_id) values(true, 101, '62', '978934834', 102);
 insert into telefone (ativo, id, codigoarea, numero, proprietario_id) values(true, 102, '63', '987504954', 103);

 insert into compra (ativo, id, usuario_id, formaPagamento, pagamento_realizado, statusPedido, valorTotal, cupom_compra, endereco_entrega_compra, lista_compra_usuario, codigoRastreio, dataPrevista) values(true, 100, 101, 1, true, 1, 7140, 100, 100, 101, 'daskdjskdjskdasjk', '2024-07-01');
 insert into compra (ativo, id, usuario_id, formaPagamento, pagamento_realizado, statusPedido, valorTotal, cupom_compra, endereco_entrega_compra, lista_compra_usuario, codigoRastreio, dataPrevista) values(true, 102, 101, 1, true, 1, 300, 100, 100, 101, 'daskdjskdjskdasjk', '2024-07-01');

 insert into categoria (ativo, id, nome) VALUES (true, 1, 'categoria 1');
 insert into categoria (ativo, id, nome) VALUES (true, 2, 'categoria 2');
 insert into categoria (ativo, id, nome) VALUES (true, 3, 'categoria 3');
insert into categoria (ativo, id, nome) VALUES (true, 4, 'Bike');
insert into categoria (ativo, id, nome) VALUES (true, 5, 'Ferramenta');
insert into categoria (ativo, id, nome) VALUES (true, 6, 'Pneu');

 insert into produto_categoria (produto_id, categorias_id) VALUES (100, 4);
 insert into produto_categoria (produto_id, categorias_id) VALUES (101, 4);
 insert into produto_categoria (produto_id, categorias_id) VALUES (102, 5);
 insert into produto_categoria (produto_id, categorias_id) VALUES (103, 6);
insert into produto_categoria (produto_id, categorias_id) VALUES (104, 4);
 insert into produto_categoria (produto_id, categorias_id) VALUES (105, 5);
insert into produto_categoria (produto_id, categorias_id) VALUES (106, 6);
 insert into produto_categoria (produto_id, categorias_id) VALUES (107, 6);

 insert into itemcompra (ativo, id, produto_item_compra, quantidade, lista_itemcompra, preco) values(true, 100, (SELECT produto.id FROM produto WHERE produto.nome = 'bike 1'), 5, 100, 5100);
 insert into itemcompra (ativo, id, produto_item_compra, quantidade, lista_itemcompra, preco) values(true, 101, (SELECT produto.id FROM produto WHERE produto.nome = 'bike 2'), 2, 100, 2040);
 insert into itemcompra (ativo, id, produto_item_compra, quantidade, lista_itemcompra, preco) values(true, 102, (SELECT produto.id FROM produto WHERE produto.nome = 'bike 1'), 1, 102, 300);

 insert into avaliacao (ativo, id, usuario_id, produto_id, estrelas, comentario) values(true, 100, 101, 101, 5, 'Bom');
 insert into avaliacao (ativo, id, usuario_id, produto_id, estrelas, comentario) values(true, 102, 101, 102, 5, 'Legal');
 insert into avaliacao (ativo, id, usuario_id, produto_id, estrelas, comentario) values(true, 103, 101, 102, 5, 'asdasdsdads');
 insert into avaliacao (ativo, id, usuario_id, produto_id, estrelas, comentario) values(true, 104, 101, 101, 5, 'aslsldlsdl 213213j jj');

 insert into usuario_perfil (perfil, id_usuario) values (1, 100);
 insert into usuario_perfil (perfil, id_usuario) values (1, 101);
 insert into usuario_perfil (perfil, id_usuario) values (2, 101);
 insert into usuario_perfil (perfil, id_usuario) values (2, 100);



 insert into cartao (id, usuario_id) values (100, 100);

 insert into homeconfig (id, ativo) values (1, true);

 insert into carrossel (nome, ativo, lista_carrossel, id, link, image) values ('Promoção 1', true, 1, 1, '/detail/102', 'https://firebasestorage.googleapis.com/v0/b/bike-shop-830cf.appspot.com/o/2024_24_a_31_maio_Orgulho_Nerd_1920x450.jpg?alt=media&token=c96b7dab-cdf4-4fa6-a0e5-d1e9c7c8f25b');
 insert into carrossel (nome, ativo, lista_carrossel, id, link, image) values ('Promoção 2', true, 1, 2, '/detail/100', 'https://firebasestorage.googleapis.com/v0/b/bike-shop-830cf.appspot.com/o/carrossel%20promocao.png?alt=media&token=64a3a45b-9eba-4d15-adc9-ffcdaf3d29c8');
 insert into carrossel (nome, ativo, lista_carrossel, id, link, image) values ('Promoção 3', true, 1, 3, '/detail/101', 'https://firebasestorage.googleapis.com/v0/b/bike-shop-830cf.appspot.com/o/Captura%20de%20tela%202024-06-03%20235813.png?alt=media&token=3e3f099d-0c92-4e1e-a5fb-14a6bc5d9034');

 ------------------------------

 insert into fornecedor (ativo, id, nome, cnpj) VALUES (true, 2, 'Fornecedor 2', '0002200/000');
 insert into fornecedor (ativo, id, nome, cnpj) VALUES (true, 3, 'Fornecedor 3', '0003300/000');

insert into produto (ativo, id, nome, estoque, preco, cor, estrelas, valorcompra, visivel, fornecedor, marca, descricao, nomelongo)
values(true, 108, 'bike 3', 45, 1500.0, 2, 4, 300.0, true, 2, 2, 'A Bike 3 combina estilo e desempenho para ciclistas que buscam aventuras urbanas ou off-road. Com um quadro resistente e componentes de alta qualidade, oferece uma condução estável e confortável. Ideal para explorar trilhas ou navegar pela cidade com confiança.', 'nome longooooo');

insert into produto (ativo, id, nome, estoque, preco, cor, estrelas, valorcompra, visivel, fornecedor, marca, descricao, nomelongo)
values(true, 109, 'bike 4', 40, 1800.0, 2, 5, 400.0, true, 2, 3, 'A Bike 4 é projetada para entusiastas que valorizam performance e durabilidade. Equipada com tecnologia avançada e materiais premium, proporciona uma experiência de pedalada suave e eficiente em qualquer terreno. Ideal para ciclistas que buscam o melhor em qualidade e conforto.', 'nome longooooo');

insert into produto (ativo, id, nome, estoque, preco, cor, estrelas, valorcompra, visivel, fornecedor, marca, descricao, nomelongo)
values(true, 110, 'Camiseta 1', 100, 50.0, 3, 5, 10.0, true, 2, 2, 'A Camiseta 1 combina conforto e estilo em um design moderno e funcional. Feita com tecido respirável, é ideal para atividades esportivas ou uso casual. Disponível em cores vibrantes e tamanhos variados, oferece conforto durante todo o dia.', 'nome longooooo');

insert into produto (ativo, id, nome, estoque, preco, cor, estrelas, valorcompra, visivel, fornecedor, marca, descricao, nomelongo)
values(true, 111, 'Camiseta 2', 80, 70.0, 3, 4, 20.0, true, 2, 3, 'A Camiseta 2 é perfeita para quem busca estilo e praticidade. Feita com tecido de alta qualidade, é suave ao toque e mantém você confortável em qualquer situação. Ideal para uso diário ou durante atividades físicas.', 'nome longooooo');

insert into produto (ativo, id, nome, estoque, preco, cor, estrelas, valorcompra, visivel, fornecedor, marca, descricao, nomelongo)
values(true, 112, 'Luvas 1', 60, 25.0, 4, 5, 5.0, true, 3, 2, 'As Luvas 1 são essenciais para qualquer atividade ao ar livre, oferecendo proteção e conforto. Com um design ergonômico e material resistente, garantem um ajuste perfeito e proteção contra intempéries.', 'nome longooooo');

insert into produto (ativo, id, nome, estoque, preco, cor, estrelas, valorcompra, visivel, fornecedor, marca, descricao, nomelongo)
values(true, 113, 'Capacete 1', 50, 150.0, 4, 5, 40.0, true, 3, 4, 'O Capacete 1 é um equipamento de segurança indispensável para ciclistas e motociclistas. Oferece máxima proteção com um design leve e confortável, garantindo segurança sem comprometer o estilo.', 'nome longooooo');

 insert into produto (ativo, id, nome, estoque, preco, cor, estrelas, valorcompra, visivel, fornecedor, marca, descricao, nomelongo)
 values(true, 114, 'Capacete 2', 55, 180.0, 4, 4, 50.0, true, 3, 5, 'descricao', 'nome longooooo');
 insert into produto (ativo, id, nome, estoque, preco, cor, estrelas, valorcompra, visivel, fornecedor, marca, descricao, nomelongo)
 values(true, 115, 'Ferramenta 3', 25, 320.0, 1, 5, 100.0, true, 3, 1, 'A Ferramenta 3 é projetada para oferecer versatilidade e durabilidade em cada tarefa. Com um design ergonômico e materiais de alta resistência, é ideal para uso profissional ou doméstico. Perfeita para reparos e manutenção.', 'nome longooooo');

insert into produto (ativo, id, nome, estoque, preco, cor, estrelas, valorcompra, visivel, fornecedor, marca, descricao, nomelongo)
values(true, 116, 'Ferramenta 4', 15, 350.0, 1, 4, 110.0, true, 3, 2, 'A Ferramenta 4 oferece desempenho confiável e eficiente em qualquer projeto. Com um design robusto e funcionalidade avançada, é ideal para profissionais que exigem precisão e durabilidade.', 'nome longooooo');

insert into produto (ativo, id, nome, estoque, preco, cor, estrelas, valorcompra, visivel, fornecedor, marca, descricao, nomelongo)
values(true, 117, 'Ferramenta 5', 20, 300.0, 1, 5, 90.0, true, 3, 3, 'A Ferramenta 5 é uma escolha versátil e prática para todas as suas necessidades de reparo e manutenção. Com um design ergonômico e materiais duráveis, oferece desempenho consistente e eficiência em cada uso.', 'nome longooooo');

insert into produto (ativo, id, nome, estoque, preco, cor, estrelas, valorcompra, visivel, fornecedor, marca, descricao, nomelongo)
values(true, 118, 'Pneu 2', 25, 2100.0, 1, 5, 100.0, true, 1, 4, 'O Pneu 2 é projetado para oferecer máximo desempenho em todas as condições. Com um padrão de banda de rodagem otimizado e materiais de alta qualidade, proporciona aderência superior e durabilidade excepcional.', 'nome longooooo');

insert into produto (ativo, id, nome, estoque, preco, cor, estrelas, valorcompra, visivel, fornecedor, marca, descricao, nomelongo)
values(true, 119, 'Pneu 3', 30, 2200.0, 1, 4, 110.0, true, 1, 5, 'O Pneu 3 oferece resistência e desempenho excepcionais para ciclistas que exigem o melhor. Com um design robusto e materiais premium, garante tração superior e conforto durante todo o percurso.', 'nome longooooo');

insert into produto (ativo, id, nome, estoque, preco, cor, estrelas, valorcompra, visivel, fornecedor, marca, descricao, nomelongo)
values(true, 120, 'Pneu 4', 35, 2300.0, 1, 5, 120.0, true, 2, 1, 'O Pneu 4 combina durabilidade e desempenho para ciclistas exigentes. Com um design avançado e materiais de alta qualidade, oferece aderência superior e confiança em todas as condições de terreno.', 'nome longooooo');

insert into produto (ativo, id, nome, estoque, preco, cor, estrelas, valorcompra, visivel, fornecedor, marca, descricao, nomelongo)
values(true, 121, 'Bike 6', 20, 2400.0, 1, 5, 130.0, true, 2, 2, 'A Bike 6 é projetada para entusiastas de ciclismo que valorizam desempenho e conforto. Com um quadro leve e componentes de alta qualidade, oferece uma condução suave e estável. Ideal para aventuras urbanas ou trilhas off-road.', 'nome longooooo');

insert into produto (ativo, id, nome, estoque, preco, cor, estrelas, valorcompra, visivel, fornecedor, marca, descricao, nomelongo)
values(true, 122, 'Bike 7', 15, 2500.0, 1, 5, 140.0, true, 3, 3, 'A Bike 7 oferece desempenho superior e estilo em cada pedalada. Com um design aerodinâmico e materiais premium, proporciona uma experiência de condução dinâmica e confortável. Ideal para ciclistas que buscam o melhor em qualidade e performance.', 'nome longooooo');

insert into produto (ativo, id, nome, estoque, preco, cor, estrelas, valorcompra, visivel, fornecedor, marca, descricao, nomelongo)
values(true, 123, 'Camisa 1', 50, 50.0, 3, 5, 20.0, true, 3, 4, 'A Camisa 1 combina estilo e conforto em um design elegante e versátil. Feita com tecido de alta qualidade, oferece uma sensação suave ao toque e ajuste perfeito. Ideal para uso diário ou ocasiões especiais.', 'nome longooooo');

insert into produto (ativo, id, nome, estoque, preco, cor, estrelas, valorcompra, visivel, fornecedor, marca, descricao, nomelongo)
values(true, 124, 'Camisa 2', 40, 70.0, 3, 4, 30.0, true, 3, 5, 'A Camisa 2 é perfeita para quem busca conforto e estilo. Feita com tecido respirável e durável, proporciona conforto durante todo o dia. Ideal para combinar com diferentes looks e ocasiões.', 'nome longooooo');

insert into produto (ativo, id, nome, estoque, preco, cor, estrelas, valorcompra, visivel, fornecedor, marca, descricao, nomelongo)
values(true, 125, 'Calção 1', 60, 100.0, 4, 5, 40.0, true, 3, 1, 'O Calção 1 oferece conforto e liberdade de movimento para atividades esportivas ou uso casual. Com um design moderno e tecido leve, proporciona ventilação e conforto durante o uso prolongado.', 'nome longooooo');

insert into produto (ativo, id, nome, estoque, preco, cor, estrelas, valorcompra, visivel, fornecedor, marca, descricao, nomelongo)
values(true, 126, 'Calção 2', 55, 120.0, 4, 4, 50.0, true, 3, 2, 'O Calção 2 combina funcionalidade e estilo em um único produto. Feito com tecido resistente e design ergonômico, proporciona conforto e liberdade de movimento. Ideal para atividades ao ar livre ou uso diário.', 'nome longooooo');

insert into produto (ativo, id, nome, estoque, preco, cor, estrelas, valorcompra, visivel, fornecedor, marca, descricao, nomelongo)
values(true, 127, 'Ferramenta 6', 25, 400.0, 1, 5, 150.0, true, 2, 3, 'A Ferramenta 6 oferece desempenho superior e durabilidade em cada projeto. Com um design robusto e materiais de alta qualidade, garante precisão e eficiência em reparos e manutenção.', 'nome longooooo');

insert into produto (ativo, id, nome, estoque, preco, cor, estrelas, valorcompra, visivel, fornecedor, marca, descricao, nomelongo)
values(true, 128, 'Ferramenta 7', 20, 450.0, 1, 4, 160.0, true, 2, 4, 'A Ferramenta 7 é projetada para atender às demandas de projetos complexos. Com funcionalidades avançadas e construção robusta, oferece desempenho excepcional e confiabilidade em cada utilização.', 'nome longooooo');
 insert into produto (ativo, id, nome, estoque, preco, cor, estrelas, valorcompra, visivel, fornecedor, marca, descricao, nomelongo) 
 values(true, 129, 'Pneu 5', 30, 2400.0, 1, 5, 130.0, true, 2, 5, 'descricao', 'nome longooooo');
 insert into produto (ativo, id, nome, estoque, preco, cor, estrelas, valorcompra, visivel, fornecedor, marca, descricao, nomelongo) 
 values(true, 130, 'Pneu 6', 35, 2500.0, 1, 5, 140.0, true, 2, 1, 'descricao', 'nome longooooo');
 insert into produto (ativo, id, nome, estoque, preco, cor, estrelas, valorcompra, visivel, fornecedor, marca, descricao, nomelongo) 
 values(true, 131, 'Bike 8', 20, 2600.0, 1, 5, 150.0, true, 2, 2, 'descricao', 'nome longooooo');
 insert into produto (ativo, id, nome, estoque, preco, cor, estrelas, valorcompra, visivel, fornecedor, marca, descricao, nomelongo) 
 values(true, 132, 'Bike 9', 15, 2700.0, 1, 5, 160.0, true, 3, 3, 'descricao', 'nome longooooo');
 insert into produto (ativo, id, nome, estoque, preco, cor, estrelas, valorcompra, visivel, fornecedor, marca, descricao, nomelongo) 
 values(true, 133, 'Camiseta 3', 50, 55.0, 3, 5, 25.0, true, 3, 4, 'descricao', 'nome longooooo');
 insert into produto (ativo, id, nome, estoque, preco, cor, estrelas, valorcompra, visivel, fornecedor, marca, descricao, nomelongo) 
 values(true, 134, 'Camiseta 4', 40, 75.0, 3, 4, 35.0, true, 3, 5, 'descricao', 'nome longooooo');
 insert into produto (ativo, id, nome, estoque, preco, cor, estrelas, valorcompra, visivel, fornecedor, marca, descricao, nomelongo) 
 values(true, 135, 'Luvas 2', 60, 30.0, 4, 5, 15.0, true, 3, 1, 'descricao', 'nome longooooo');
 insert into produto (ativo, id, nome, estoque, preco, cor, estrelas, valorcompra, visivel, fornecedor, marca, descricao, nomelongo) 
 values(true, 136, 'Capacete 3', 50, 160.0, 4, 5, 60.0, true, 3, 2, 'descricao', 'nome longooooo');
 insert into produto (ativo, id, nome, estoque, preco, cor, estrelas, valorcompra, visivel, fornecedor, marca, descricao, nomelongo) 
 values(true, 137, 'Capacete 4', 55, 190.0, 4, 4, 70.0, true, 3, 3, 'descricao', 'nome longooooo');

insert into produto_img(produto_id, url_imagens_produto) values (100, 'https://firebasestorage.googleapis.com/v0/b/bike-shop-830cf.appspot.com/o/bike1.jpg?alt=media&token=a67128d8-6d57-4217-8ff2-ec6d5d8fa8f5');
insert into produto_img(produto_id, url_imagens_produto) values (100, 'https://firebasestorage.googleapis.com/v0/b/bike-shop-830cf.appspot.com/o/bike1.jpg?alt=media&token=a67128d8-6d57-4217-8ff2-ec6d5d8fa8f5');
insert into produto_img(produto_id, url_imagens_produto) values (101, 'https://firebasestorage.googleapis.com/v0/b/bike-shop-830cf.appspot.com/o/bike2.jpg?alt=media&token=50ce98d5-7079-40d1-8ec9-aeca4fe2f519');
insert into produto_img(produto_id, url_imagens_produto) values (102, 'https://firebasestorage.googleapis.com/v0/b/bike-shop-830cf.appspot.com/o/ferramenta1.jpg?alt=media&token=5af758b3-0ba6-429f-b9c6-a3d301e6a245');
insert into produto_img(produto_id, url_imagens_produto) values (103, 'https://firebasestorage.googleapis.com/v0/b/bike-shop-830cf.appspot.com/o/pneu1.jpg?alt=media&token=fc38ce65-a894-47d5-ad09-f57cd1772d9f');
insert into produto_img(produto_id, url_imagens_produto) values (104, 'https://firebasestorage.googleapis.com/v0/b/bike-shop-830cf.appspot.com/o/iabike2.jpg?alt=media&token=45f32a77-8a6a-46a3-9a1b-f7e41e217c04');
insert into produto_img(produto_id, url_imagens_produto) values (105, 'https://firebasestorage.googleapis.com/v0/b/bike-shop-830cf.appspot.com/o/jogodechave.jpg?alt=media&token=75ef3403-96a4-45ee-85a7-60aeb2f3343a');
insert into produto_img(produto_id, url_imagens_produto) values (106, 'https://firebasestorage.googleapis.com/v0/b/bike-shop-830cf.appspot.com/o/pneu2.jpg?alt=media&token=829ef4e1-650e-48ce-ae13-8893b82ecfd3');
insert into produto_img(produto_id, url_imagens_produto) values (107, 'https://firebasestorage.googleapis.com/v0/b/bike-shop-830cf.appspot.com/o/pneu3.jpg?alt=media&token=10d320c4-7c50-4795-90a5-a8de9326bdc0');
insert into produto_img(produto_id, url_imagens_produto) values (108, 'https://firebasestorage.googleapis.com/v0/b/bike-shop-830cf.appspot.com/o/bike3.jpg?alt=media&token=3598a398-c401-4c8a-87b4-cef453d55e66');
insert into produto_img(produto_id, url_imagens_produto) values (109, 'https://firebasestorage.googleapis.com/v0/b/bike-shop-830cf.appspot.com/o/bike4.jpg?alt=media&token=e0506fb2-1e2e-40c8-a837-e73119b9eb4b');
insert into produto_img(produto_id, url_imagens_produto) values (110, 'https://firebasestorage.googleapis.com/v0/b/bike-shop-830cf.appspot.com/o/camiseta1.png?alt=media&token=99b08c1d-b93a-4354-9760-90b7c3987ddd');
insert into produto_img(produto_id, url_imagens_produto) values (111, 'https://firebasestorage.googleapis.com/v0/b/bike-shop-830cf.appspot.com/o/camiseta2.png?alt=media&token=36def7b8-356d-4187-9635-f80eaa9f3191');
insert into produto_img(produto_id, url_imagens_produto) values (112, 'https://firebasestorage.googleapis.com/v0/b/bike-shop-830cf.appspot.com/o/luva1.png?alt=media&token=f9e67d90-4ed5-4cdf-96d4-28d40d183f56');
insert into produto_img(produto_id, url_imagens_produto) values (113, 'https://firebasestorage.googleapis.com/v0/b/bike-shop-830cf.appspot.com/o/capacete0.png?alt=media&token=a2527f69-f222-4e99-bc77-5290f0782e36');
insert into produto_img(produto_id, url_imagens_produto) values (114, 'https://firebasestorage.googleapis.com/v0/b/bike-shop-830cf.appspot.com/o/capacete2.jpg?alt=media&token=42372497-143e-44e9-b271-13bed507d76b');
insert into produto_img(produto_id, url_imagens_produto) values (115, 'https://firebasestorage.googleapis.com/v0/b/bike-shop-830cf.appspot.com/o/ferramenta3.png?alt=media&token=ca8461ea-8c14-4dbd-962d-7a0ce9289596');
insert into produto_img(produto_id, url_imagens_produto) values (116, 'https://firebasestorage.googleapis.com/v0/b/bike-shop-830cf.appspot.com/o/ferramenta4.jpg?alt=media&token=c7931d4e-8bc8-49c3-af51-9d1a5d7a79ca');
insert into produto_img(produto_id, url_imagens_produto) values (117, 'https://firebasestorage.googleapis.com/v0/b/bike-shop-830cf.appspot.com/o/ferramenta5.jpg?alt=media&token=9f8ea2cc-7938-4ce7-82a9-ffc948fad487');


insert into bike (id, tamanho, marcha, freio, cambio, tipobike)
 values((SELECT produto.id FROM produto WHERE produto.nome = 'Bike 6'), 3, '18 marchas', 3, 'câmbio Shimano', 1);
 insert into bike (id, tamanho, marcha, freio, cambio, tipobike) 
 values((SELECT produto.id FROM produto WHERE produto.nome = 'Bike 7'), 4, '21 marchas', 4, 'câmbio Shimano', 2);
 insert into bike (id, tamanho, marcha, freio, cambio, tipobike) 
 values((SELECT produto.id FROM produto WHERE produto.nome = 'Bike 8'), 5, '24 marchas', 5, 'câmbio Shimano', 3);
 insert into bike (id, tamanho, marcha, freio, cambio, tipobike) 
 values((SELECT produto.id FROM produto WHERE produto.nome = 'Bike 9'), 6, '27 marchas', 1, 'câmbio Shimano', 4);
 insert into pneu (id) 
 values((SELECT produto.id FROM produto WHERE produto.nome = 'Pneu 2'));
 insert into pneu (id) 
 values((SELECT produto.id FROM produto WHERE produto.nome = 'Pneu 3'));
 insert into pneu (id) 
 values((SELECT produto.id FROM produto WHERE produto.nome = 'Pneu 4'));
 insert into pneu (id) 
 values((SELECT produto.id FROM produto WHERE produto.nome = 'Pneu 5'));
 insert into pneu (id) 
 values((SELECT produto.id FROM produto WHERE produto.nome = 'Pneu 6'));
 insert into ferramenta (id) 
 values((SELECT produto.id FROM produto WHERE produto.nome = 'Ferramenta 3'));
 insert into ferramenta (id) 
 values((SELECT produto.id FROM produto WHERE produto.nome = 'Ferramenta 4'));

 insert into categoria (ativo, id, nome) VALUES (true, 7, 'Camiseta');
 insert into categoria (ativo, id, nome) VALUES (true, 8, 'Luvas');
 insert into categoria (ativo, id, nome) VALUES (true, 9, 'Capacete');
 insert into categoria (ativo, id, nome) VALUES (true, 10, 'Camisa');
 insert into categoria (ativo, id, nome) VALUES (true, 11, 'Calção');
 
 insert into produto_categoria (produto_id, categorias_id) VALUES (108, 4);
 insert into produto_categoria (produto_id, categorias_id) VALUES (109, 4);
 insert into produto_categoria (produto_id, categorias_id) VALUES (110, 7);
 insert into produto_categoria (produto_id, categorias_id) VALUES (111, 7);
 insert into produto_categoria (produto_id, categorias_id) VALUES (112, 8);
 insert into produto_categoria (produto_id, categorias_id) VALUES (113, 9);
 insert into produto_categoria (produto_id, categorias_id) VALUES (114, 9);
 insert into produto_categoria (produto_id, categorias_id) VALUES (115, 5);
 insert into produto_categoria (produto_id, categorias_id) VALUES (116, 5);
 insert into produto_categoria (produto_id, categorias_id) VALUES (117, 5);
 insert into produto_categoria (produto_id, categorias_id) VALUES (118, 6);
 insert into produto_categoria (produto_id, categorias_id) VALUES (119, 6);
 insert into produto_categoria (produto_id, categorias_id) VALUES (120, 6);
 insert into produto_categoria (produto_id, categorias_id) VALUES (121, 4);
 insert into produto_categoria (produto_id, categorias_id) VALUES (122, 4);
 insert into produto_categoria (produto_id, categorias_id) VALUES (123, 10);
 insert into produto_categoria (produto_id, categorias_id) VALUES (124, 10);
 insert into produto_categoria (produto_id, categorias_id) VALUES (125, 11);
 insert into produto_categoria (produto_id, categorias_id) VALUES (126, 11);
 insert into produto_categoria (produto_id, categorias_id) VALUES (127, 5);
 insert into produto_categoria (produto_id, categorias_id) VALUES (128, 5);
 insert into produto_categoria (produto_id, categorias_id) VALUES (129, 6);
 insert into produto_categoria (produto_id, categorias_id) VALUES (130, 6);
 insert into produto_categoria (produto_id, categorias_id) VALUES (131, 4);
 insert into produto_categoria (produto_id, categorias_id) VALUES (132, 4);
 insert into produto_categoria (produto_id, categorias_id) VALUES (133, 7);
 insert into produto_categoria (produto_id, categorias_id) VALUES (134, 7);
 insert into produto_categoria (produto_id, categorias_id) VALUES (135, 8);
 insert into produto_categoria (produto_id, categorias_id) VALUES (136, 9);
 insert into produto_categoria (produto_id, categorias_id) VALUES (137, 9);

insert into telefone (ativo, id, lista_telefones_usuario, proprietario_id, codigoArea, numero) values (true, 103, 101, 101, '63', '984142999');
insert into telefone (ativo, id, lista_telefones_usuario, proprietario_id, codigoArea, numero) values (true, 104, 101, 101, '63', '9841429349');
insert into telefone (ativo, id, lista_telefones_usuario, proprietario_id, codigoArea, numero) values (true, 105, 101, 101, '63', '982222900');
insert into telefone (ativo, id, lista_telefones_usuario, proprietario_id, codigoArea, numero) values (true, 106, 101, 101, '63', '991223233');